{"extensionType":"field_faas","i18nMap":{"zh-CN":{"1":"二进制 -> 十进制","2":"二进制 -> 十六进制","3":"十进制 -> 二进制","4":"十进制 -> 十六进制","5":"十六进制 -> 二进制","6":"十六进制 -> 十进制","7":"RGB -> HEX","8":"HEX -> RGB","9":"千克 -> 磅","10":"磅 -> 千克","source":"源字段","changeType":"预置转换类型（主要）","fun":"自定义转换函数","placeholder":"请填入具体的转换函数（仅支持 javascript 语言）"},"en-US":{"1":"Binary -> Decimal","2":"Binary -> Hexadecimal","3":"Decimal -> Binary","4":"Decimal -> Hexadecimal","5":"Hexadecimal -> Binary","6":"Hexadecimal -> Decimal","7":"RGB -> HEX","8":"HEX -> RGB","9":"Kilograms -> Pounds","10":"Pounds -> Kilograms","source":"Source Field","changeType":"Preset Conversion Type (Primary)","fun":"Custom Conversion Function","placeholder":"Please enter the specific conversion function (JavaScript language only)"},"ja-JP":{"1":"バイナリ -> 十進法","2":"バイナリ -> 十六進法","3":"十進法 -> バイナリ","4":"十進法 -> 十六進法","5":"十六進法 -> バイナリ","6":"十六進法 -> 十進法","7":"RGB -> HEX","8":"HEX -> RGB","9":"キログラム -> ポンド","10":"ポンド -> キログラム","source":"元フィールド","changeType":"プリセット変換タイプ（主要）","fun":"カスタム変換関数","placeholder":"具体的な変換関数を入力してください（JavaScriptのみ対応）"}},"fields":[{"fieldType":1,"uiSchema":{"fieldsConfigEditor":{"component":"OpenFieldMetaEditor","props":{"schema":{"items":[{"key":"changeType","label":"${{changeType}}","component":"SingleSelect","props":{"options":[{"label":"${{1}}","value":1},{"label":"${{2}}","value":2},{"label":"${{3}}","value":3},{"label":"${{4}}","value":4},{"label":"${{5}}","value":5},{"label":"${{6}}","value":6},{"label":"${{7}}","value":7},{"label":"${{8}}","value":8},{"label":"${{9}}","value":9},{"label":"${{10}}","value":10}]}},{"key":"fun","label":"${{fun}}","component":"Text","props":{"placeholder":"${{placeholder}}"}},{"key":"source","label":"${{source}}","component":"FieldSelect","props":{"supportType":[2,1,5]},"validator":{"required":true}}]}}}},"presetFieldConfig":{"fieldProperty":{"propertyType":1,"properties":[]},"externalEditorConfig":{}}}]}